{
  "project": "Main Street Bridge",
  "rfi_number": "RFI-023",
  "subject": "Clarification on conduit routing near East abutment",
  "question": "Detail calls for 3\" rigid conduit, conflicting with site condition of 2.5\" spacing. Please advise routing and support spacing.",
  "proposed_solution": "Use 2.5\" conduit with additional strut support at 5' spacing; update as-built accordingly.",
  "required_date": "2025-11-11",
  "attachments": [
    "east_abutment_photo.jpg",
    "detail_page_42.pdf"
  ],
  "status": "Ready for Procore"
}